,binary_search_lcs,brute_force_lcs,dynamic_lcs,exp_search_lcs,recursive_lcs,short_hi_lcs,short_lo_lcs
0,2.2222232098769814e-06,1.7777785679015861e-06,1.0370374979425905e-06,4.7407428477375585e-06,4.4444464197539627e-07,1.7777785679015861e-06,5.925928559671953e-07
1,3.5555571358031722e-06,,,5.333335703704755e-06,1.3333339259261887e-06,3.407408921811371e-06,2.22222320987698e-06
2,,,,,3.5555571358031722e-06,,3.259260707819576e-06
